{"cameraMode":{"drawMode":0,"name":"Shaded","section":"Shading Mode"},"sceneLighting":true,"audioPlay":false,"sceneViewState":{"showFog":true,"showMaterialUpdate":false,"showSkybox":true,"showFlares":true,"showImageEffects":true,"showParticleSystems":true},"in2DMode":false,"pivot":{"x":-839.653564453125,"y":824.1573486328125,"z":1402.80126953125},"rotation":{"x":0.06221448630094528,"y":0.9368455410003662,"z":-0.2641347348690033,"w":0.22064144909381867},"size":7912.0791015625,"orthographic":false}