{"cameraMode":{"drawMode":0,"name":"Shaded","section":"Shading Mode"},"sceneLighting":false,"audioPlay":false,"sceneViewState":{"showFog":true,"showMaterialUpdate":false,"showSkybox":true,"showFlares":true,"showImageEffects":true,"showParticleSystems":true},"in2DMode":false,"pivot":{"x":3.744293451309204,"y":3.8520517349243166,"z":34.55957794189453},"rotation":{"x":0.21224859356880189,"y":0.7865107655525208,"z":-0.4340967535972595,"w":0.3845925033092499},"size":14.6716890335083,"orthographic":false}