{"cameraMode":{"drawMode":0,"name":"Shaded","section":"Shading Mode"},"sceneLighting":false,"audioPlay":false,"sceneViewState":{"showFog":true,"showMaterialUpdate":false,"showSkybox":false,"showFlares":true,"showImageEffects":true,"showParticleSystems":true},"in2DMode":false,"pivot":{"x":293.1679992675781,"y":163.61257934570313,"z":0.0},"rotation":{"x":0.11735204607248306,"y":-0.3310720920562744,"z":0.041536781936883929,"w":0.9353579878807068},"size":628.1776733398438,"orthographic":false}