{"cameraMode":{"drawMode":0,"name":"Shaded","section":"Shading Mode"},"sceneLighting":false,"audioPlay":false,"sceneViewState":{"showFog":true,"showMaterialUpdate":true,"showSkybox":false,"showFlares":true,"showImageEffects":true,"showParticleSystems":true},"in2DMode":false,"pivot":{"x":-15.452301025390625,"y":0.18000000715255738,"z":4.779645919799805},"rotation":{"x":0.05886932462453842,"y":-0.841985285282135,"z":0.09383281320333481,"w":0.5280063152313232},"size":1.2065422534942628,"orthographic":false}