{"cameraMode":{"drawMode":0,"name":"Shaded","section":"Shading Mode"},"sceneLighting":false,"audioPlay":false,"sceneViewState":{"showFog":true,"showMaterialUpdate":true,"showSkybox":false,"showFlares":true,"showImageEffects":true,"showParticleSystems":true},"in2DMode":false,"pivot":{"x":12.140335083007813,"y":8.222023010253907,"z":42.48904800415039},"rotation":{"x":-0.1292702853679657,"y":0.5701594352722168,"z":-0.09142100065946579,"w":-0.8061325550079346},"size":134.28868103027345,"orthographic":false}