{"cameraMode":{"drawMode":0,"name":"Shaded","section":"Shading Mode"},"sceneLighting":false,"audioPlay":false,"sceneViewState":{"showFog":true,"showMaterialUpdate":true,"showSkybox":false,"showFlares":true,"showImageEffects":true,"showParticleSystems":true},"in2DMode":false,"pivot":{"x":0.0,"y":1.8200000524520875,"z":-0.0013540685176849366},"rotation":{"x":0.12206815928220749,"y":-0.7467086315155029,"z":0.14281658828258515,"w":0.6380667090415955},"size":1.2065409421920777,"orthographic":false}