{"cameraMode":{"drawMode":0,"name":"Shaded","section":"Shading Mode"},"sceneLighting":false,"audioPlay":false,"sceneViewState":{"showFog":true,"showMaterialUpdate":false,"showSkybox":false,"showFlares":true,"showImageEffects":true,"showParticleSystems":true},"in2DMode":false,"pivot":{"x":167.0450897216797,"y":69.41496276855469,"z":-0.377716064453125},"rotation":{"x":-0.08569736778736115,"y":-0.011358925141394139,"z":0.0009926868369802833,"w":-0.9962560534477234},"size":153.14431762695313,"orthographic":false}