{"cameraMode":{"drawMode":0,"name":"Shaded","section":"Shading Mode"},"sceneLighting":false,"audioPlay":false,"sceneViewState":{"showFog":true,"showMaterialUpdate":false,"showSkybox":false,"showFlares":true,"showImageEffects":true,"showParticleSystems":true},"in2DMode":false,"pivot":{"x":273.0679626464844,"y":0.7835860252380371,"z":12.404670715332032},"rotation":{"x":-0.07391146570444107,"y":-0.8209667801856995,"z":0.10927575826644898,"w":-0.5555264353752136},"size":5.890437126159668,"orthographic":false}