{"cameraMode":{"drawMode":0,"name":"Shaded","section":"Shading Mode"},"sceneLighting":false,"audioPlay":false,"sceneViewState":{"showFog":true,"showMaterialUpdate":true,"showSkybox":false,"showFlares":true,"showImageEffects":true,"showParticleSystems":true},"in2DMode":false,"pivot":{"x":2.48799991607666,"y":0.6399999856948853,"z":-0.21514511108398438},"rotation":{"x":-0.08816280961036682,"y":0.10976605862379074,"z":-0.009776602499186993,"w":-0.9899914860725403},"size":1.9014954566955567,"orthographic":false}