{"cameraMode":{"drawMode":0,"name":"Shaded","section":"Shading Mode"},"sceneLighting":false,"audioPlay":false,"sceneViewState":{"showFog":true,"showMaterialUpdate":true,"showSkybox":false,"showFlares":true,"showImageEffects":true,"showParticleSystems":true},"in2DMode":false,"pivot":{"x":-0.04503971338272095,"y":0.10646957159042359,"z":-0.16662809252738954},"rotation":{"x":-0.1586284190416336,"y":0.4452802836894989,"z":-0.08046302944421768,"w":-0.8775467276573181},"size":2.03007435798645,"orthographic":false}