{"cameraMode":{"drawMode":0,"name":"Shaded","section":"Shading Mode"},"sceneLighting":false,"audioPlay":false,"sceneViewState":{"showFog":true,"showMaterialUpdate":true,"showSkybox":false,"showFlares":true,"showImageEffects":true,"showParticleSystems":true},"in2DMode":false,"pivot":{"x":-1.3204188346862794,"y":0.5266894698143005,"z":-2.4755311012268068},"rotation":{"x":-0.08816280961036682,"y":0.10976605862379074,"z":-0.009776602499186993,"w":-0.9899914860725403},"size":2.2517833709716799,"orthographic":false}