{"cameraMode":{"drawMode":0,"name":"Shaded","section":"Shading Mode"},"sceneLighting":true,"audioPlay":false,"sceneViewState":{"showFog":true,"showMaterialUpdate":true,"showSkybox":true,"showFlares":true,"showImageEffects":true,"showParticleSystems":true},"in2DMode":false,"pivot":{"x":146.1786651611328,"y":2.2871031761169435,"z":-35.06865692138672},"rotation":{"x":-0.0304645337164402,"y":-0.9528396725654602,"z":0.10216137021780014,"w":-0.28413301706314089},"size":48.403141021728519,"orthographic":false}